0,12,2
0,12,2
0,12,2
0,12,2
0,12,2
0,12,2
0,12,2
0,12,2
0,12,2
0,12,2
0,12,2
0,12,2
0,12,2
0,12,2
0,12,2
0,12,2
0,12,2
0,12,2
0,12,2
0,12,2
0,12,2
0,12,2
0,12,2
0,12,2
0,12,2
0,12,2
0,12,2
0,12,2
0,12,2
0,12,2
0,12,2
0,12,2
0,12,2
0,12,2
0,12,2
0,12,2
0,12,2
0,12,2
0,12,2
0,12,2
0,12,2
0,12,2
0,12,2
0,12,2
0,12,2
0,12,2
0,12,2
2.6042,12,2
0,12,2
7.7546,12,2
0,12,2
0.86806,12,2
0,12,2
0,12,2
0,12,2
0,12,2
8.3333,12,2
0,12,2
3.0093,12,2
0,12,2
0,12,2
0,12,2
0,12,2
0,12,2
0,12,2
0,12,2
0,12,2
0,12,2
0,12,2
0,12,2
0,12,2
0,12,2
0,12,2
0,12,2
0,12,2
0,12,2
0,12,2
0,12,2
0,12,2
0,12,2
0,12,2
0,12,2
0,12,2
0,12,2
0,12,2
0,12,2
0,12,2
0,12,2
0,12,2
0,12,2
0,12,2
0,12,2
0,12,2
0,12,2
0,12,2
0,12,2
0,12,2
0,12,2
0,12,2
0,12,2
0,12,2
0,12,2
0,12,2
0,12,2
0,12,2
0,12,2
0,12,2
0,12,2
0,12,2
0,12,2
0,12,2
0,12,2
0,12,2
0,12,2
0,12,2
0,12,2
0,12,2
0,12,2
0,12,2
0,12,2
0,12,2
0,12,2
0,12,2
0,12,2
0,12,2
0,12,2
0,12,2
0,12,2
0,12,2
0,12,2
0,12,2
0,12,2
0,12,2
0,12,2
21.47,12,2
0,12,2
0,12,2
7.581,12,2
0.52083,12,2
1.9676,12,2
10.648,12,2
0,12,2
0,12,2
0,12,2
0,12,2
0,12,2
0,12,2
0,12,2
0,12,2
0,12,2
0,12,2
0,12,2
0,12,2
0,12,2
0,12,2
0,12,2
0,12,2
0,12,2
0,12,2
0,12,2
0,12,2
0,12,2
0,12,2
0,12,2
0,12,2
0,12,2
0,12,2
0,12,2
0,12,2
0,12,2
0,12,2
0,12,2
0,12,2
0,12,2
0,12,2
0,12,2
0,12,2
0,12,2
0,12,2
0,12,2
0,12,2
0,12,2
0,12,2
0,12,2
0,12,2
0,12,2
0,12,2
0,12,2
0,12,2
0,12,2
0,12,2
0,12,2
0,12,2
0,12,2
0,12,2
0,12,2
0,12,2
0,12,2
0,12,2
0,12,2
0,12,2
0,12,2
0,12,2
0,12,2
0,12,2
0,12,2
0,12,2
0,12,2
0,12,2
0,12,2
0,12,2
0,12,2
0,12,2
0,12,2
0,12,2
0,12,2
0,12,2
0,12,2
0,12,2
0,12,2
0,12,2
0,12,2
0,12,2
0,12,2
0,12,2
0,12,2
0,12,2
0,12,2
0,12,2
0,12,2
0,12,2
0,12,2
0,12,2
0,12,2
0,12,2
0,12,2
0,12,2
0,12,2
0,12,2
0,12,2
0,12,2
84.549,3,0
81.019,3,0
85.995,3,0
89.062,3,0
90.451,3,0
91.84,3,0
93.229,3,0
93.576,3,0
91.956,3,0
88.889,3,0
87.905,3,0
86.921,3,0
86.632,3,0
85.301,3,0
82.87,3,0
80.44,3,0
80.65,3,0
80.859,3,0
81.069,3,0
81.279,3,0
81.489,3,0
81.698,3,0
81.908,3,0
82.118,3,0
82.665,3,0
83.211,3,0
83.758,3,0
84.304,3,0
84.851,3,0
85.397,3,0
85.944,3,0
86.49,3,0
87.037,3,0
87.442,3,0
87.847,3,0
88.252,3,0
89.902,3,0
91.551,3,0
91.665,3,0
91.779,3,0
91.893,3,0
92.007,3,0
92.121,3,0
92.235,3,0
92.349,3,0
92.463,3,0
92.577,3,0
92.691,3,0
92.805,3,0
92.919,3,0
93.033,3,0
93.147,3,0
93.261,3,0
93.375,3,0
93.489,3,0
93.603,3,0
93.717,3,0
93.831,3,0
93.945,3,0
94.059,3,0
94.173,3,0
94.287,3,0
94.401,3,0
94.515,3,0
94.629,3,0
94.743,3,0
94.857,3,0
94.971,3,0
95.085,3,0
95.199,3,0
95.312,3,0
96.991,3,0
97.068,3,0
97.145,3,0
97.222,3,0
97.222,3,0
97.222,3,0
97.222,3,0
97.222,3,0
97.222,3,0
97.222,3,0
97.222,3,0
97.222,3,0
97.222,3,0
97.222,3,0
97.222,3,0
97.222,3,0
97.222,3,0
97.222,3,0
97.222,3,0
97.222,3,0
97.222,3,0
97.222,3,0
97.222,3,0
97.222,3,0
97.222,3,0
97.222,3,0
97.222,3,0
97.222,3,0
97.222,3,0
97.222,3,0
97.222,3,0
97.222,3,0
97.222,3,0
97.222,3,0
97.222,3,0
97.222,3,0
97.222,3,0
97.222,3,0
97.222,3,0
97.222,3,0
97.222,3,0
97.222,3,0
97.473,3,0
97.724,3,0
97.975,3,0
98.225,3,0
98.476,3,0
98.727,3,0
98.978,3,0
99.228,3,0
99.479,3,0
99.45,3,0
99.421,3,0
99.392,3,0
99.363,3,0
99.334,3,0
99.306,3,0
99.277,3,0
99.248,3,0
99.219,3,0
99.19,3,0
99.161,3,0
99.132,3,0
99.103,3,0
99.074,3,0
99.045,3,0
99.016,3,0
98.987,3,0
98.958,3,0
98.923,3,0
98.888,3,0
98.853,3,0
98.817,3,0
98.782,3,0
98.747,3,0
98.712,3,0
98.677,3,0
98.641,3,0
98.606,3,0
98.571,3,0
98.536,3,0
98.5,3,0
98.465,3,0
98.43,3,0
98.395,3,0
98.359,3,0
98.324,3,0
98.289,3,0
98.254,3,0
98.219,3,0
98.183,3,0
98.148,3,0
97.844,3,0
97.541,3,0
97.237,3,0
96.933,3,0
96.946,3,0
96.959,3,0
96.971,3,0
96.984,3,0
96.997,3,0
97.01,3,0
97.023,3,0
97.036,3,0
97.049,3,0
96.993,3,0
96.937,3,0
96.881,3,0
96.825,3,0
96.769,3,0
96.713,3,0
96.657,3,0
96.601,3,0
96.545,3,0
96.489,3,0
96.433,3,0
96.377,3,0
96.321,3,0
96.265,3,0
96.209,3,0
96.153,3,0
96.097,3,0
96.041,3,0
95.985,3,0
95.929,3,0
95.873,3,0
95.817,3,0
95.761,3,0
95.705,3,0
95.649,3,0
95.593,3,0
95.537,3,0
95.481,3,0
95.425,3,0
95.369,3,0
95.313,3,0
95.256,3,0
95.2,3,0
95.144,3,0
95.088,3,0
95.032,3,0
94.976,3,0
94.92,3,0
94.864,3,0
94.808,3,0
94.752,3,0
94.696,3,0
94.64,3,0
94.584,3,0
94.528,3,0
94.472,3,0
94.416,3,0
94.36,3,0
94.304,3,0
94.248,3,0
94.192,3,0
94.136,3,0
94.08,3,0
94.024,3,0
93.968,3,0
93.912,3,0
93.856,3,0
93.8,3,0
93.744,3,0
93.688,3,0
93.632,3,0
93.576,3,0
93.576,3,0
93.576,3,0
93.576,3,0
200,13,2
200,13,2
200,13,2
200,13,2
200,13,2
200,13,2
200,13,2
200,13,2
200,13,2
200,13,2
200,13,2
200,13,2
200,13,2
200,13,2
200,13,2
200,13,2
200,13,2
200,13,2
200,13,2
200,13,2
200,13,2
200,13,2
200,13,2
200,13,2
200,13,2
200,13,2
200,13,2
200,13,2
200,13,2
200,13,2
200,13,2
200,13,2
200,13,2
200,13,2
200,13,2
200,13,2
200,13,2
200,13,2
200,13,2
200,13,2
200,13,2
200,13,2
200,13,2
200,13,2
200,13,2
200,13,2
200,13,2
200,13,2
200,13,2
200,13,2
200,13,2
200,13,2
200,13,2
200,13,2
200,13,2
200,13,2
200,13,2
200,13,2
200,13,2
200,13,2
200,13,2
200,13,2
200,13,2
200,13,2
200,13,2
200,13,2
200,13,2
200,13,2
200,13,2
200,13,2
200,13,2
200,13,2
200,13,2
200,13,2
200,13,2
200,13,2
200,13,2
200,13,2
200,13,2
200,13,2
200,13,2
200,13,2
200,13,2
200,13,2
200,13,2
200,13,2
200,13,2
200,13,2
200,13,2
200,13,2
200,13,2
200,13,2
200,13,2
200,13,2
200,13,2
200,13,2
200,13,2
200,13,2
200,13,2
200,13,2
200,13,2
200,13,2
200,13,2
200,13,2
200,13,2
200,13,2
200,13,2
200,13,2
200,13,2
200,13,2
200,13,2
200,13,2
200,13,2
200,13,2
200,13,2
200,13,2
200,13,2
200,13,2
200,13,2
200,13,2
200,13,2
200,13,2
200,13,2
200,13,2
200,13,2
200,13,2
200,13,2
200,13,2
200,13,2
200,13,2
200,13,2
200,13,2
200,13,2
200,13,2
200,13,2
200,13,2
200,13,2
200,13,2
200,13,2
200,13,2
200,13,2
200,13,2
200,13,2
200,13,2
200,13,2
200,13,2
200,13,2
200,13,2
200,13,2
200,13,2
200,13,2
200,13,2
200,13,2
200,13,2
200,13,2
200,13,2
200,13,2
200,13,2
200,13,2
200,13,2
200,13,2
200,13,2
200,13,2
200,13,2
200,13,2
200,13,2
200,13,2
200,13,2
200,13,2
200,13,2
200,13,2
200,13,2
200,13,2
200,13,2
200,13,2
200,13,2
200,13,2
200,13,2
200,13,2
200,13,2
200,13,2
200,13,2
200,13,2
200,13,2
200,13,2
200,13,2
200,13,2
200,13,2
200,13,2
200,13,2
200,13,2
200,13,2
200,13,2
200,13,2
200,13,2
200,13,2
200,13,2
200,13,2
200,13,2
200,13,2
200,13,2
200,13,2
200,13,2
200,13,2
200,13,2
200,13,2
200,13,2
200,13,2
200,13,2
200,13,2
200,13,2
200,13,2
200,13,2
200,13,2
200,13,2
200,13,2
200,13,2
200,13,2
200,13,2
200,13,2
200,13,2
200,13,2
200,13,2
200,13,2
200,13,2
200,13,2
200,13,2
200,13,2
200,13,2
200,13,2
200,13,2
200,13,2
200,13,2
200,13,2
200,13,2
200,13,2
200,13,2
200,13,2
200,13,2
200,13,2
200,13,2
90.683,0,0
90.688,0,0
90.692,0,0
90.697,0,0
90.702,0,0
90.707,0,0
90.712,0,0
90.716,0,0
90.721,0,0
90.726,0,0
90.731,0,0
90.735,0,0
90.74,0,0
90.745,0,0
90.75,0,0
90.754,0,0
90.759,0,0
90.764,0,0
90.769,0,0
90.774,0,0
90.778,0,0
90.783,0,0
90.788,0,0
90.793,0,0
90.797,0,0
90.802,0,0
90.807,0,0
90.812,0,0
90.817,0,0
90.821,0,0
90.826,0,0
90.831,0,0
90.836,0,0
90.84,0,0
90.845,0,0
90.85,0,0
90.855,0,0
90.859,0,0
90.864,0,0
90.869,0,0
90.874,0,0
90.879,0,0
90.883,0,0
90.888,0,0
90.893,0,0
90.898,0,0
90.902,0,0
90.907,0,0
90.912,0,0
90.917,0,0
90.922,0,0
90.926,0,0
90.931,0,0
90.936,0,0
90.941,0,0
90.945,0,0
90.95,0,0
90.955,0,0
90.96,0,0
90.964,0,0
90.969,0,0
90.974,0,0
90.979,0,0
90.984,0,0
90.988,0,0
90.993,0,0
90.998,0,0
91.003,0,0
91.007,0,0
91.012,0,0
91.017,0,0
91.022,0,0
91.027,0,0
91.031,0,0
91.036,0,0
91.041,0,0
91.046,0,0
91.05,0,0
91.055,0,0
91.06,0,0
91.065,0,0
91.069,0,0
91.074,0,0
91.079,0,0
91.084,0,0
91.089,0,0
91.093,0,0
91.098,0,0
91.103,0,0
91.108,0,0
91.112,0,0
91.117,0,0
91.122,0,0
91.127,0,0
91.132,0,0
91.136,0,0
91.141,0,0
91.146,0,0
91.169,0,0
91.192,0,0
91.215,0,0
91.238,0,0
91.262,0,0
91.285,0,0
91.308,0,0
91.331,0,0
91.354,0,0
91.377,0,0
91.4,0,0
91.424,0,0
91.447,0,0
91.47,0,0
91.493,0,0
91.516,0,0
91.539,0,0
91.563,0,0
91.586,0,0
91.609,0,0
91.632,0,0
91.655,0,0
91.678,0,0
91.701,0,0
91.725,0,0
84.144,4,1
91.84,0,0
91.891,0,0
91.943,0,0
91.994,0,0
92.045,0,0
92.096,0,0
92.147,0,0
92.199,0,0
92.25,0,0
92.301,0,0
92.352,0,0
92.403,0,0
92.455,0,0
92.506,0,0
92.557,0,0
92.608,0,0
92.659,0,0
92.711,0,0
92.762,0,0
92.813,0,0
92.864,0,0
92.915,0,0
92.967,0,0
93.018,0,0
93.069,0,0
93.12,0,0
93.171,0,0
80.556,4,1
93.287,0,0
93.284,0,0
93.282,0,0
93.279,0,0
93.276,0,0
93.274,0,0
93.271,0,0
93.268,0,0
93.266,0,0
93.263,0,0
93.26,0,0
93.257,0,0
93.255,0,0
93.252,0,0
93.249,0,0
93.247,0,0
93.244,0,0
93.241,0,0
93.239,0,0
93.236,0,0
93.233,0,0
93.231,0,0
93.228,0,0
93.225,0,0
93.222,0,0
93.22,0,0
93.217,0,0
93.214,0,0
93.212,0,0
93.209,0,0
93.206,0,0
93.204,0,0
93.201,0,0
93.198,0,0
93.196,0,0
93.193,0,0
93.19,0,0
93.187,0,0
93.185,0,0
93.182,0,0
93.179,0,0
93.177,0,0
93.174,0,0
93.171,0,0
63.079,4,1
93.113,0,0
93.113,0,0
93.113,0,0
93.113,0,0
93.113,0,0
93.113,0,0
93.113,0,0
93.113,0,0
93.113,0,0
93.113,0,0
93.113,0,0
93.113,0,0
93.113,0,0
93.113,0,0
93.113,0,0
93.113,0,0
93.113,0,0
93.113,0,0
93.113,0,0
93.113,0,0
93.113,0,0
93.113,0,0
93.113,0,0
93.113,0,0
93.113,0,0
93.113,0,0
93.113,0,0
93.113,0,0
93.113,0,0
93.113,0,0
93.113,0,0
93.113,0,0
93.113,0,0
93.113,0,0
93.113,0,0
93.113,0,0
93.113,0,0
93.113,0,0
93.113,0,0
93.113,0,0
93.113,0,0
93.113,0,0
93.113,0,0
93.113,0,0
200,11,2
0,11,2
0,11,2
200,11,2
200,11,2
200,11,2
200,11,2
200,11,2
200,11,2
200,11,2
200,11,2
200,11,2
200,11,2
200,11,2
200,11,2
200,11,2
200,11,2
0,11,2
0,11,2
0,11,2
0,11,2
0,11,2
0,11,2
0,11,2
0,11,2
0,11,2
0,11,2
0,11,2
0,11,2
0,11,2
0,11,2
200,11,2
200,11,2
200,11,2
0,11,2
0,11,2
0,11,2
0,11,2
0,11,2
200,11,2
0,11,2
200,11,2
200,11,2
200,11,2
200,11,2
200,11,2
0,11,2
200,11,2
200,11,2
200,11,2
200,11,2
200,11,2
200,11,2
0,11,2
200,11,2
0,11,2
0,11,2
0,11,2
0,11,2
0,11,2
0,11,2
200,11,2
0,11,2
0,11,2
0,11,2
200,11,2
0,11,2
0,11,2
0,11,2
0,11,2
0,11,2
0,11,2
0,11,2
0,11,2
200,11,2
0,11,2
0,11,2
200,11,2
0,11,2
0,11,2
0,11,2
0,11,2
200,11,2
0,11,2
200,11,2
200,11,2
200,11,2
200,11,2
200,11,2
200,11,2
200,11,2
200,11,2
200,11,2
200,11,2
200,11,2
200,11,2
200,11,2
200,11,2
200,11,2
200,11,2
200,11,2
200,11,2
200,11,2
200,11,2
200,11,2
200,11,2
200,11,2
200,11,2
200,11,2
200,11,2
200,11,2
200,11,2
200,11,2
200,11,2
200,11,2
200,11,2
200,11,2
200,11,2
200,11,2
200,11,2
200,11,2
200,11,2
200,11,2
200,11,2
200,11,2
200,11,2
200,11,2
200,11,2
200,11,2
200,11,2
200,11,2
0,11,2
0.03858,11,2
0.07716,11,2
0.11574,11,2
200,11,2
200,11,2
200,11,2
200,11,2
200,11,2
200,11,2
200,11,2
200,11,2
200,11,2
200,11,2
200,11,2
200,11,2
200,11,2
200,11,2
200,11,2
200,11,2
200,11,2
200,11,2
200,11,2
200,11,2
200,11,2
200,11,2
200,11,2
200,11,2
200,11,2
200,11,2
200,11,2
200,11,2
200,11,2
200,11,2
200,11,2
200,11,2
200,11,2
200,11,2
200,11,2
200,11,2
200,11,2
200,11,2
200,11,2
200,11,2
200,11,2
200,11,2
200,11,2
200,11,2
200,11,2
200,11,2
200,11,2
200,11,2
200,11,2
200,11,2
200,11,2
200,11,2
200,11,2
200,11,2
200,11,2
200,11,2
200,11,2
200,11,2
200,11,2
200,11,2
200,11,2
200,11,2
200,11,2
200,11,2
200,11,2
200,11,2
200,11,2
200,11,2
200,11,2
200,11,2
200,11,2
200,11,2
200,11,2
200,11,2
200,11,2
200,11,2
200,11,2
200,11,2
200,11,2
200,11,2
200,11,2
200,11,2
200,11,2
200,11,2
200,11,2
200,11,2
200,11,2
200,11,2
200,11,2
200,11,2
200,11,2
200,11,2
200,11,2
200,11,2
200,11,2
200,11,2
200,11,2
200,11,2
200,11,2
200,11,2
200,11,2
200,11,2
200,11,2
200,11,2
200,11,2
200,11,2
192.94,9,2
192.13,9,2
193.06,9,2
193.15,9,2
193.25,9,2
193.34,9,2
195.6,9,2
193,9,2
193.61,9,2
194.21,9,2
193.98,9,2
190.1,9,2
192.48,9,2
186.17,9,2
187.24,9,2
188.31,9,2
188.48,9,2
185.76,9,2
187.38,9,2
189,9,2
189.15,9,2
189.29,9,2
188.14,9,2
187.96,9,2
187.79,9,2
186.05,9,2
186.81,9,2
187.56,9,2
186,9,2
184.43,9,2
185.97,9,2
187.5,9,2
186.05,9,2
183.1,9,2
182.81,9,2
184.55,9,2
183.51,9,2
188.6,9,2
187.62,9,2
184.26,9,2
183.45,9,2
186.92,9,2
186.86,9,2
185.47,9,2
186.17,9,2
190.34,9,2
191.32,9,2
190.1,9,2
191.49,9,2
190.62,9,2
190.85,9,2
191.07,9,2
191.29,9,2
191.52,9,2
191.74,9,2
191.96,9,2
192.19,9,2
192.14,9,2
192.09,9,2
192.04,9,2
191.99,9,2
191.94,9,2
191.89,9,2
191.84,9,2
184.95,9,2
187.44,9,2
185.82,9,2
188.14,9,2
188.31,9,2
180.03,9,2
182.58,9,2
178.36,9,2
181.37,9,2
187.62,9,2
179.75,9,2
176.5,9,2
188.08,9,2
186.75,9,2
180.09,9,2
182.87,9,2
183.8,9,2
184.72,9,2
187.04,9,2
181.71,9,2
183.97,9,2
187.85,9,2
184.72,9,2
189.18,9,2
188.66,9,2
177.95,9,2
178.36,9,2
178.76,9,2
184.03,9,2
186.28,9,2
187.15,9,2
189.93,9,2
189.22,9,2
188.5,9,2
187.79,9,2
186.34,9,2
181.94,9,2
184.9,9,2
185.88,9,2
185.65,9,2
185.42,9,2
183.8,9,2
183.45,9,2
181.08,9,2
187.56,9,2
181.8,9,2
176.04,9,2
178.47,9,2
182.96,9,2
187.44,9,2
182.12,9,2
184.87,9,2
187.62,9,2
181.94,9,2
182.87,9,2
181.54,9,2
181.83,9,2
175.87,9,2
180.4,9,2
184.93,9,2
189.47,9,2
180.03,9,2
180.56,9,2
184.38,9,2
184.72,9,2
186.11,9,2
184.9,9,2
181.19,9,2
177.49,9,2
182.87,9,2
180.03,9,2
183.56,9,2
184.66,9,2
183.39,9,2
183.68,9,2
182.58,9,2
184.72,9,2
181.48,9,2
181.54,9,2
182.7,9,2
184.95,9,2
185.59,9,2
182.81,9,2
183.8,9,2
186.34,9,2
185.42,9,2
176.16,9,2
179.34,9,2
179.63,9,2
186.92,9,2
184.95,9,2
182.99,9,2
183.74,9,2
183.39,9,2
178.59,9,2
180.32,9,2
180.84,9,2
172.57,9,2
187.79,9,2
180.09,9,2
184.66,9,2
187.04,9,2
184.38,9,2
184.92,9,2
185.47,9,2
181.77,9,2
185.47,9,2
189.18,9,2
188.89,9,2
189.76,9,2
188.19,9,2
188.83,9,2
189.47,9,2
187.27,9,2
186.28,9,2
186.88,9,2
187.48,9,2
188.08,9,2
186.46,9,2
182.81,9,2
186.28,9,2
187.04,9,2
185.53,9,2
186.78,9,2
188.02,9,2
185.01,9,2
185.53,9,2
187.5,9,2
187.62,9,2
187.73,9,2
184.98,9,2
182.23,9,2
186.17,9,2
186.86,9,2
187.56,9,2
187.12,9,2
186.69,9,2
187.85,9,2
187.04,9,2
187.23,9,2
187.42,9,2
187.62,9,2
186.63,9,2
189.06,9,2
185.76,9,2
187.47,9,2
189.18,9,2
189.87,9,2
189.18,9,2
189.27,9,2
189.35,9,2
187.91,9,2
191.26,9,2
190.39,9,2
190.97,9,2
185.01,9,2
190.05,9,2
187.62,9,2
188.37,9,2
189.12,9,2
189.87,9,2
189.29,9,2
188.72,9,2
179.05,9,2
186.86,9,2
181.19,9,2
181.71,9,2
183.56,9,2
187.44,9,2
181.25,9,2
188.37,9,2
185.3,9,2
191.78,9,2
187.56,9,2
187.27,9,2
186.98,9,2
187.73,9,2
113.54,1,0
113.68,1,0
113.81,1,0
113.95,1,0
114.08,1,0
114.22,1,0
114.35,1,0
114.49,1,0
114.62,1,0
114.76,1,0
114.89,1,0
115.03,1,0
115.16,1,0
115.3,1,0
115.43,1,0
115.57,1,0
115.7,1,0
115.84,1,0
115.97,1,0
115.95,1,0
115.93,1,0
115.91,1,0
115.89,1,0
115.87,1,0
115.85,1,0
115.83,1,0
115.81,1,0
115.79,1,0
115.77,1,0
115.75,1,0
115.73,1,0
115.71,1,0
115.69,1,0
115.67,1,0
115.65,1,0
115.63,1,0
115.61,1,0
115.59,1,0
115.57,1,0
115.55,1,0
115.53,1,0
115.51,1,0
115.49,1,0
115.47,1,0
115.45,1,0
115.37,1,0
115.3,1,0
115.22,1,0
115.14,1,0
115.07,1,0
114.99,1,0
114.91,1,0
114.83,1,0
114.76,1,0
114.68,1,0
114.6,1,0
114.53,1,0
114.45,1,0
114.37,1,0
114.29,1,0
114.22,1,0
114.14,1,0
114.06,1,0
113.99,1,0
113.91,1,0
113.83,1,0
113.81,1,0
113.79,1,0
113.77,1,0
113.74,1,0
113.72,1,0
113.7,1,0
113.68,1,0
113.66,1,0
113.64,1,0
113.62,1,0
113.59,1,0
113.57,1,0
113.55,1,0
113.53,1,0
113.51,1,0
113.49,1,0
113.47,1,0
113.44,1,0
113.42,1,0
113.4,1,0
113.38,1,0
113.36,1,0
113.34,1,0
113.31,1,0
113.29,1,0
113.27,1,0
113.25,1,0
113.23,1,0
113.21,1,0
113.19,1,0
113.16,1,0
113.14,1,0
113.12,1,0
113.1,1,0
113.08,1,0
113.06,1,0
113.04,1,0
113.01,1,0
112.99,1,0
112.97,1,0
112.95,1,0
112.93,1,0
112.91,1,0
112.88,1,0
112.86,1,0
112.84,1,0
112.82,1,0
112.8,1,0
112.78,1,0
112.76,1,0
112.73,1,0
112.71,1,0
112.69,1,0
112.67,1,0
112.65,1,0
112.63,1,0
112.6,1,0
112.58,1,0
112.56,1,0
112.54,1,0
112.52,1,0
112.5,1,0
112.48,1,0
112.45,1,0
112.43,1,0
112.41,1,0
112.39,1,0
112.37,1,0
112.35,1,0
112.33,1,0
112.3,1,0
112.28,1,0
112.26,1,0
112.24,1,0
112.22,1,0
112.2,1,0
112.17,1,0
112.15,1,0
112.13,1,0
112.11,1,0
112.09,1,0
112.07,1,0
112.05,1,0
112.02,1,0
112,1,0
111.98,1,0
111.96,1,0
111.94,1,0
111.92,1,0
111.9,1,0
111.87,1,0
111.85,1,0
111.83,1,0
111.81,1,0
111.79,1,0
111.77,1,0
111.74,1,0
111.72,1,0
111.7,1,0
111.68,1,0
111.66,1,0
111.64,1,0
111.62,1,0
111.59,1,0
111.57,1,0
111.55,1,0
111.53,1,0
111.51,1,0
111.49,1,0
111.46,1,0
111.44,1,0
111.42,1,0
111.4,1,0
111.4,1,0
111.4,1,0
111.4,1,0
111.4,1,0
111.4,1,0
111.4,1,0
111.4,1,0
111.4,1,0
111.4,1,0
111.4,1,0
111.4,1,0
111.4,1,0
111.4,1,0
111.4,1,0
111.4,1,0
111.4,1,0
111.4,1,0
111.4,1,0
111.4,1,0
111.4,1,0
111.4,1,0
111.4,1,0
111.4,1,0
111.4,1,0
111.4,1,0
111.4,1,0
111.4,1,0
111.4,1,0
111.4,1,0
111.4,1,0
111.4,1,0
111.4,1,0
111.4,1,0
111.4,1,0
111.4,1,0
111.4,1,0
111.4,1,0
111.4,1,0
111.4,1,0
111.4,1,0
111.4,1,0
111.4,1,0
111.4,1,0
111.4,1,0
111.4,1,0
111.4,1,0
111.4,1,0
111.4,1,0
111.4,1,0
111.4,1,0
111.4,1,0
111.4,1,0
111.4,1,0
111.4,1,0
111.4,1,0
111.4,1,0
111.4,1,0
111.4,1,0
111.4,1,0
111.4,1,0
111.4,1,0
111.4,1,0
190.62,9,2
190.05,9,2
188.02,9,2
189.96,9,2
191.9,9,2
191.89,9,2
191.88,9,2
191.87,9,2
191.87,9,2
191.86,9,2
191.85,9,2
191.84,9,2
191.83,9,2
191.82,9,2
191.82,9,2
191.81,9,2
191.8,9,2
191.79,9,2
191.78,9,2
191.77,9,2
191.77,9,2
191.76,9,2
191.75,9,2
191.74,9,2
191.73,9,2
191.72,9,2
191.72,9,2
191.71,9,2
191.7,9,2
191.69,9,2
191.68,9,2
191.67,9,2
191.67,9,2
191.66,9,2
191.65,9,2
191.64,9,2
191.63,9,2
191.63,9,2
191.62,9,2
191.61,9,2
191.6,9,2
191.59,9,2
191.58,9,2
191.58,9,2
191.57,9,2
191.56,9,2
191.55,9,2
191.54,9,2
191.53,9,2
191.53,9,2
191.52,9,2
191.51,9,2
191.5,9,2
191.49,9,2
191.48,9,2
191.48,9,2
191.47,9,2
191.46,9,2
191.45,9,2
191.44,9,2
191.44,9,2
191.43,9,2
191.42,9,2
191.41,9,2
191.4,9,2
191.39,9,2
191.39,9,2
191.38,9,2
191.37,9,2
191.36,9,2
191.35,9,2
191.34,9,2
191.34,9,2
191.33,9,2
191.32,9,2
191.31,9,2
191.3,9,2
191.29,9,2
191.29,9,2
191.28,9,2
191.27,9,2
191.26,9,2
189.87,9,2
190.13,9,2
190.39,9,2
189.81,9,2
191.96,9,2
196.3,9,2
186.34,9,2
193.06,9,2
189.93,9,2
190.68,9,2
188.37,9,2
191.03,9,2
192.13,9,2
191.84,9,2
191.55,9,2
191.26,9,2
191.38,9,2
191.49,9,2
191.61,9,2
191.72,9,2
191.84,9,2
191.96,9,2
193.29,9,2
192.77,9,2
190.51,9,2
190.68,9,2
192.42,9,2
190.42,9,2
188.43,9,2
187.21,9,2
189.58,9,2
190.62,9,2
191.67,9,2
191.87,9,2
192.07,9,2
190.51,9,2
190.56,9,2
190.61,9,2
190.67,9,2
190.72,9,2
190.77,9,2
190.82,9,2
190.87,9,2
190.93,9,2
190.98,9,2
191.03,9,2
191.34,9,2
191.65,9,2
191.96,9,2
192.48,9,2
193,9,2
191.38,9,2
191.84,9,2
192.3,9,2
192.77,9,2
192.74,9,2
192.71,9,2
192.68,9,2
192.65,9,2
192.52,9,2
192.39,9,2
192.26,9,2
192.13,9,2
191.32,9,2
192.36,9,2
192.01,9,2
191.67,9,2
192.94,9,2
192.97,9,2
193,9,2
193.03,9,2
193.06,9,2
192.07,9,2
191.09,9,2
191.75,9,2
192.42,9,2
192.42,9,2
192.43,9,2
192.43,9,2
192.44,9,2
192.45,9,2
192.45,9,2
192.46,9,2
192.46,9,2
192.47,9,2
192.47,9,2
192.48,9,2
193.58,9,2
193.59,9,2
193.6,9,2
193.61,9,2
193.62,9,2
193.63,9,2
193.65,9,2
193.66,9,2
193.67,9,2
193.68,9,2
193.69,9,2
192.33,9,2
190.97,9,2
192.13,9,2
192.07,9,2
192.01,9,2
191.96,9,2
191.9,9,2
191.84,9,2
191.77,9,2
191.7,9,2
191.62,9,2
191.55,9,2
191.96,9,2
192.36,9,2
192.77,9,2
192.75,9,2
192.73,9,2
192.71,9,2
192.69,9,2
192.67,9,2
192.65,9,2
191.84,9,2
191.97,9,2
192.09,9,2
192.22,9,2
192.35,9,2
192.48,9,2
193.34,9,2
193.25,9,2
193.16,9,2
193.07,9,2
192.98,9,2
192.89,9,2
192.8,9,2
192.71,9,2
193.34,9,2
193.3,9,2
193.26,9,2
193.22,9,2
193.18,9,2
193.14,9,2
193.1,9,2
193.06,9,2
193.02,9,2
192.98,9,2
192.94,9,2
192.74,9,2
192.53,9,2
192.33,9,2
192.13,9,2
188.6,9,2
187.18,9,2
185.76,9,2
186.69,9,2
185.3,9,2
186.98,9,2
185.24,9,2
185.3,9,2
188.66,9,2
189.29,9,2
186.46,9,2
200,13,2
199.07,13,2
199.08,13,2
199.09,13,2
199.09,13,2
199.1,13,2
199.1,13,2
199.11,13,2
199.11,13,2
199.12,13,2
199.13,13,2
199.13,13,2
199.71,13,2
199.52,13,2
199.32,13,2
199.13,13,2
199.35,13,2
199.57,13,2
199.78,13,2
200,13,2
198.84,13,2
198.85,13,2
198.86,13,2
198.88,13,2
198.89,13,2
198.9,13,2
198.91,13,2
198.92,13,2
198.93,13,2
198.94,13,2
198.95,13,2
198.96,13,2
198.97,13,2
198.99,13,2
199,13,2
199.01,13,2
199.02,13,2
199.03,13,2
199.04,13,2
199.05,13,2
199.06,13,2
199.07,13,2
200,13,2
200,13,2
200,13,2
200,13,2
200,13,2
200,13,2
200,13,2
200,13,2
200,13,2
200,13,2
200,13,2
200,13,2
200,13,2
200,13,2
200,13,2
200,13,2
200,13,2
200,13,2
200,13,2
200,13,2
200,13,2
200,13,2
200,13,2
200,13,2
200,13,2
200,13,2
200,13,2
200,13,2
200,13,2
200,13,2
200,13,2
200,13,2
200,13,2
200,13,2
200,13,2
200,13,2
200,13,2
200,13,2
200,13,2
200,13,2
200,13,2
200,13,2
200,13,2
200,13,2
200,13,2
200,13,2
200,13,2
200,13,2
200,13,2
200,13,2
200,13,2
200,13,2
200,13,2
200,13,2
200,13,2
200,13,2
200,13,2
200,13,2
200,13,2
199.02,13,2
199.02,13,2
199.03,13,2
199.04,13,2
199.05,13,2
199.05,13,2
199.06,13,2
199.07,13,2
199.07,13,2
199.08,13,2
199.09,13,2
199.1,13,2
199.1,13,2
199.11,13,2
199.12,13,2
199.12,13,2
199.13,13,2
200,13,2
200,13,2
200,13,2
200,13,2
200,13,2
200,13,2
200,13,2
200,13,2
200,13,2
200,13,2
200,13,2
200,13,2
200,13,2
200,13,2
200,13,2
200,13,2
200,13,2
200,13,2
200,13,2
200,13,2
200,13,2
200,13,2
200,13,2
200,13,2
200,13,2
200,13,2
200,13,2
200,13,2
200,13,2
200,13,2
200,13,2
200,13,2
200,13,2
200,13,2
200,13,2
200,13,2
200,13,2
200,13,2
200,13,2
200,13,2
200,13,2
200,13,2
200,13,2
200,13,2
200,13,2
200,13,2
200,13,2
200,13,2
200,13,2
200,13,2
200,13,2
200,13,2
200,13,2
200,13,2
200,13,2
200,13,2
200,13,2
200,13,2
200,13,2
200,13,2
200,13,2
198.9,13,2
198.95,13,2
199,13,2
199.05,13,2
199.11,13,2
199.16,13,2
199.21,13,2
199.26,13,2
199.31,13,2
199.36,13,2
200,13,2
200,13,2
200,13,2
200,13,2
200,13,2
200,13,2
200,13,2
200,13,2
200,13,2
200,13,2
200,13,2
200,13,2
200,13,2
200,13,2
200,13,2
200,13,2
200,13,2
200,13,2
200,13,2
200,13,2
200,13,2
200,13,2
200,13,2
200,13,2
200,13,2
200,13,2
200,13,2
200,13,2
200,13,2
200,13,2
200,13,2
200,13,2
200,13,2
200,13,2
200,13,2
200,13,2
200,13,2
200,13,2
200,13,2
198.9,13,2
199.71,13,2
199.13,13,2
199.71,13,2
199.13,13,2
199.21,13,2
199.3,13,2
199.38,13,2
199.46,13,2
199.55,13,2
199.63,13,2
199.71,13,2
199.71,13,2
108.16,7,0
108.68,7,0
109.2,7,0
110.5,7,0
111.81,7,0
113.11,7,0
114.41,7,0
114.8,7,0
115.19,7,0
115.57,7,0
115.96,7,0
116.35,7,0
116.74,7,0
117.12,7,0
117.51,7,0
117.9,7,0
118.29,7,0
118.43,7,0
118.58,7,0
118.72,7,0
118.87,7,0
119.01,7,0
119.16,7,0
119.3,7,0
119.44,7,0
119.59,7,0
119.73,7,0
119.88,7,0
120.02,7,0
120.17,7,0
120.31,7,0
120.4,7,0
120.49,7,0
120.58,7,0
120.67,7,0
120.76,7,0
120.85,7,0
120.94,7,0
121.02,7,0
121.11,7,0
121.2,7,0
121.29,7,0
121.38,7,0
121.47,7,0
121.56,7,0
121.65,7,0
121.74,7,0
121.83,7,0
121.92,7,0
122,7,0
122.09,7,0
122.18,7,0
122.27,7,0
122.36,7,0
122.45,7,0
122.54,7,0
122.63,7,0
122.72,7,0
122.81,7,0
122.89,7,0
122.98,7,0
123.07,7,0
123.16,7,0
123.25,7,0
123.34,7,0
123.43,7,0
123.52,7,0
123.61,7,0
123.7,7,0
123.78,7,0
123.82,7,0
123.85,7,0
123.88,7,0
123.91,7,0
123.94,7,0
123.97,7,0
124,7,0
124.04,7,0
124.07,7,0
124.1,7,0
124.13,7,0
124.16,7,0
124.19,7,0
124.22,7,0
124.25,7,0
124.29,7,0
124.32,7,0
124.35,7,0
124.38,7,0
124.41,7,0
124.44,7,0
124.47,7,0
124.51,7,0
124.54,7,0
124.58,7,0
124.62,7,0
124.66,7,0
124.7,7,0
124.75,7,0
124.79,7,0
124.83,7,0
124.87,7,0
124.91,7,0
124.95,7,0
125,7,0
125.04,7,0
125.08,7,0
125.12,7,0
125.16,7,0
125.2,7,0
125.25,7,0
125.29,7,0
125.33,7,0
125.37,7,0
125.41,7,0
125.46,7,0
125.5,7,0
125.54,7,0
125.58,7,0
125.62,7,0
125.66,7,0
125.71,7,0
125.75,7,0
125.79,7,0
125.83,7,0
125.87,7,0
125.91,7,0
125.96,7,0
126,7,0
126.04,7,0
126.08,7,0
126.12,7,0
126.16,7,0
126.21,7,0
126.25,7,0
126.29,7,0
126.33,7,0
126.37,7,0
126.42,7,0
126.46,7,0
126.5,7,0
126.54,7,0
126.58,7,0
126.62,7,0
126.67,7,0
126.71,7,0
126.75,7,0
126.79,7,0
126.83,7,0
126.87,7,0
126.92,7,0
126.96,7,0
127,7,0
127.04,7,0
127.08,7,0
127.19,7,0
127.31,7,0
127.42,7,0
127.53,7,0
127.64,7,0
127.75,7,0
127.86,7,0
127.97,7,0
128.08,7,0
128.2,7,0
128.31,7,0
128.42,7,0
128.53,7,0
128.53,7,0
128.53,7,0
128.52,7,0
128.52,7,0
128.52,7,0
128.52,7,0
128.51,7,0
128.51,7,0
128.51,7,0
128.51,7,0
128.5,7,0
128.5,7,0
128.5,7,0
128.5,7,0
128.5,7,0
128.49,7,0
128.49,7,0
128.49,7,0
128.49,7,0
128.48,7,0
128.48,7,0
128.48,7,0
128.48,7,0
128.47,7,0
128.47,7,0
128.41,7,0
128.34,7,0
128.28,7,0
128.21,7,0
128.15,7,0
128.08,7,0
128.02,7,0
127.95,7,0
127.89,7,0
127.82,7,0
127.76,7,0
127.69,7,0
127.63,7,0
127.56,7,0
127.5,7,0
127.43,7,0
127.47,7,0
127.5,7,0
127.54,7,0
127.58,7,0
127.61,7,0
127.65,7,0
127.68,7,0
127.72,7,0
127.76,7,0
127.79,7,0
127.83,7,0
127.87,7,0
127.9,7,0
127.94,7,0
127.98,7,0
128.01,7,0
128.05,7,0
128.08,7,0
128.12,7,0
128.16,7,0
128.19,7,0
128.23,7,0
128.27,7,0
128.3,7,0
128.34,7,0
128.38,7,0
128.41,7,0
128.45,7,0
128.48,7,0
128.52,7,0
128.56,7,0
128.59,7,0
128.63,7,0
128.67,7,0
128.7,7,0
128.74,7,0
128.78,7,0
128.81,7,0
128.85,7,0
128.88,7,0
128.92,7,0
128.96,7,0
128.99,7,0
129.11,7,0
129.22,7,0
129.34,7,0
129.46,7,0
129.57,7,0
129.56,7,0
129.55,7,0
129.54,7,0
129.53,7,0
129.52,7,0
129.51,7,0
129.5,7,0
129.49,7,0
129.48,7,0
129.48,7,0
129.47,7,0
129.46,7,0
129.45,7,0
129.44,7,0
129.43,7,0
129.42,7,0
129.41,7,0
129.4,7,0
129.39,7,0
129.38,7,0
129.37,7,0
129.36,7,0
129.35,7,0
129.34,7,0
129.37,7,0
129.4,7,0
129.42,7,0
129.45,7,0
129.48,7,0
129.5,7,0
129.53,7,0
129.56,7,0
129.59,7,0
129.61,7,0
129.64,7,0
129.67,7,0
129.7,7,0
129.72,7,0
129.75,7,0
129.78,7,0
129.81,7,0
129.83,7,0
129.86,7,0
129.9,7,0
129.93,7,0
129.96,7,0
130,7,0
130.03,7,0
130.07,7,0
130.1,7,0
130.13,7,0
130.17,7,0
130.2,7,0
130.24,7,0
130.27,7,0
130.3,7,0
130.34,7,0
130.37,7,0
130.41,7,0
130.44,7,0
130.47,7,0
130.51,7,0
130.54,7,0
130.58,7,0
130.61,7,0
130.64,7,0
130.68,7,0
130.71,7,0
130.75,7,0
130.78,7,0
130.81,7,0
130.85,7,0
130.88,7,0
130.92,7,0
130.95,7,0
130.98,7,0
131.02,7,0
131.05,7,0
131.09,7,0
131.12,7,0
131.15,7,0
131.19,7,0
131.22,7,0
131.26,7,0
131.29,7,0
131.32,7,0
131.36,7,0
131.39,7,0
131.43,7,0
131.46,7,0
131.5,7,0
131.53,7,0
131.56,7,0
131.6,7,0
131.63,7,0
131.67,7,0
131.7,7,0
131.73,7,0
131.77,7,0
131.8,7,0
131.84,7,0
131.87,7,0
131.9,7,0
131.94,7,0
131.97,7,0
132.01,7,0
132.04,7,0
132.07,7,0
132.11,7,0
132.14,7,0
132.18,7,0
132.18,7,0
132.18,7,0
132.18,7,0
132.18,7,0
132.18,7,0
132.18,7,0
132.18,7,0
132.19,7,0
132.19,7,0
132.19,7,0
132.19,7,0
132.19,7,0
132.19,7,0
132.19,7,0
132.2,7,0
132.2,7,0
132.2,7,0
132.2,7,0
132.2,7,0
132.2,7,0
132.2,7,0
132.2,7,0
132.21,7,0
132.21,7,0
132.21,7,0
132.21,7,0
132.21,7,0
132.21,7,0
132.21,7,0
132.21,7,0
132.22,7,0
132.22,7,0
132.22,7,0
132.22,7,0
132.22,7,0
132.22,7,0
132.22,7,0
132.22,7,0
132.23,7,0
132.23,7,0
132.23,7,0
132.23,7,0
132.23,7,0
132.23,7,0
132.23,7,0
132.01,7,0
131.79,7,0
131.57,7,0
131.35,7,0
131.13,7,0
130.95,7,0
130.76,7,0
130.57,7,0
130.39,7,0
130.2,7,0
130.02,7,0
129.83,7,0
129.64,7,0
129.46,7,0
129.46,7,0
129.47,7,0
129.48,7,0
129.49,7,0
129.5,7,0
129.51,7,0
129.51,7,0
129.52,7,0
129.53,7,0
129.54,7,0
129.55,7,0
129.56,7,0
129.56,7,0
129.57,7,0
129.56,7,0
129.55,7,0
129.54,7,0
129.52,7,0
129.51,7,0
129.5,7,0
129.49,7,0
129.47,7,0
129.46,7,0
129.45,7,0
129.44,7,0
129.43,7,0
129.41,7,0
129.4,7,0
129.39,7,0
129.38,7,0
129.36,7,0
129.35,7,0
129.34,7,0
129.26,7,0
129.18,7,0
129.1,7,0
129.02,7,0
128.95,7,0
128.87,7,0
128.79,7,0
128.71,7,0
128.63,7,0
128.55,7,0
128.47,7,0
128.48,7,0
128.49,7,0
128.5,7,0
128.51,7,0
128.51,7,0
128.52,7,0
128.53,7,0
128.54,7,0
128.55,7,0
128.55,7,0
128.56,7,0
128.57,7,0
128.58,7,0
128.59,7,0
128.6,7,0
128.6,7,0
128.61,7,0
128.62,7,0
128.63,7,0
128.64,7,0
128.65,7,0
128.65,7,0
128.66,7,0
128.67,7,0
128.68,7,0
128.69,7,0
128.7,7,0
128.7,7,0
128.71,7,0
128.72,7,0
128.73,7,0
128.74,7,0
128.75,7,0
128.75,7,0
128.76,7,0
128.77,7,0
128.78,7,0
128.79,7,0
128.79,7,0
128.8,7,0
128.81,7,0
128.82,7,0
128.83,7,0
128.84,7,0
128.84,7,0
128.85,7,0
128.86,7,0
128.87,7,0
128.88,7,0
128.89,7,0
128.89,7,0
128.9,7,0
128.91,7,0
128.92,7,0
128.93,7,0
128.94,7,0
128.94,7,0
128.95,7,0
128.96,7,0
128.97,7,0
128.98,7,0
128.98,7,0
128.99,7,0
129,7,0
129.01,7,0
129.02,7,0
129.03,7,0
129.03,7,0
129.04,7,0
129.05,7,0
129.03,7,0
129.02,7,0
129,7,0
128.98,7,0
128.97,7,0
128.95,7,0
128.93,7,0
128.91,7,0
128.9,7,0
128.88,7,0
128.86,7,0
128.85,7,0
128.83,7,0
128.81,7,0
128.79,7,0
128.78,7,0
128.76,7,0
128.74,7,0
128.73,7,0
128.71,7,0
128.69,7,0
128.67,7,0
128.66,7,0
128.64,7,0
128.62,7,0
128.61,7,0
128.59,7,0
128.57,7,0
128.56,7,0
128.54,7,0
128.52,7,0
128.5,7,0
128.49,7,0
128.47,7,0
128.45,7,0
128.44,7,0
128.42,7,0
128.4,7,0
128.38,7,0
128.37,7,0
128.35,7,0
128.33,7,0
128.32,7,0
128.3,7,0
128.28,7,0
128.26,7,0
128.25,7,0
128.23,7,0
128.21,7,0
128.2,7,0
128.18,7,0
128.16,7,0
128.14,7,0
128.13,7,0
128.11,7,0
128.09,7,0
128.08,7,0
128.06,7,0
128.04,7,0
128.03,7,0
128.01,7,0
127.99,7,0
127.97,7,0
127.96,7,0
127.94,7,0
127.92,7,0
127.91,7,0
127.89,7,0
127.87,7,0
127.85,7,0
127.84,7,0
127.82,7,0
127.8,7,0
127.79,7,0
127.77,7,0
127.75,7,0
127.73,7,0
127.72,7,0
127.7,7,0
127.68,7,0
127.67,7,0
127.65,7,0
127.63,7,0
127.61,7,0
127.6,7,0
127.58,7,0
127.56,7,0
127.55,7,0
127.54,7,0
127.53,7,0
127.52,7,0
127.51,7,0
127.5,7,0
127.49,7,0
127.48,7,0
127.47,7,0
127.46,7,0
127.45,7,0
127.44,7,0
127.43,7,0
127.42,7,0
127.41,7,0
127.4,7,0
127.39,7,0
127.38,7,0
127.37,7,0
127.36,7,0
127.35,7,0
127.34,7,0
127.33,7,0
127.32,7,0
127.31,7,0
127.3,7,0
127.29,7,0
127.28,7,0
127.27,7,0
127.26,7,0
127.18,7,0
127.11,7,0
127.03,7,0
126.95,7,0
126.88,7,0
126.8,7,0
126.73,7,0
126.65,7,0
126.58,7,0
126.5,7,0
126.42,7,0
126.35,7,0
126.27,7,0
126.26,7,0
126.24,7,0
126.22,7,0
126.2,7,0
126.18,7,0
126.17,7,0
126.15,7,0
126.13,7,0
126.11,7,0
126.1,7,0
126.08,7,0
126.06,7,0
126.04,7,0
126.03,7,0
126.01,7,0
125.99,7,0
125.97,7,0
125.95,7,0
125.94,7,0
125.92,7,0
125.9,7,0
125.88,7,0
125.87,7,0
125.85,7,0
125.83,7,0
125.81,7,0
125.8,7,0
125.78,7,0
125.76,7,0
125.74,7,0
125.72,7,0
125.71,7,0
125.69,7,0
125.67,7,0
125.65,7,0
125.64,7,0
125.62,7,0
125.6,7,0
125.58,7,0
125.57,7,0
125.55,7,0
125.53,7,0
125.51,7,0
125.5,7,0
125.48,7,0
125.46,7,0
125.44,7,0
125.42,7,0
125.41,7,0
125.39,7,0
125.37,7,0
125.35,7,0
125.34,7,0
125.32,7,0
125.3,7,0
125.28,7,0
125.27,7,0
125.25,7,0
125.23,7,0
125.21,7,0
125.19,7,0
125.18,7,0
125.16,7,0
125.14,7,0
125.12,7,0
125.11,7,0
125.09,7,0
125.07,7,0
125.05,7,0
125.04,7,0
125.02,7,0
125,7,0
125,7,0
124.99,7,0
124.99,7,0
124.98,7,0
124.98,7,0
124.97,7,0
124.97,7,0
124.96,7,0
124.96,7,0
124.95,7,0
124.95,7,0
124.94,7,0
124.94,7,0
124.93,7,0
124.93,7,0
124.92,7,0
124.92,7,0
124.92,7,0
124.91,7,0
124.91,7,0
124.9,7,0
124.9,7,0
124.89,7,0
124.89,7,0
124.88,7,0
124.88,7,0
124.87,7,0
124.87,7,0
124.86,7,0
124.86,7,0
124.85,7,0
124.85,7,0
124.85,7,0
124.84,7,0
124.84,7,0
124.83,7,0
124.83,7,0
124.83,7,0
124.83,7,0
124.83,7,0
124.83,7,0
124.83,7,0
124.83,7,0
124.83,7,0
124.83,7,0
124.83,7,0
124.83,7,0
124.83,7,0
124.83,7,0
124.83,7,0
124.83,7,0
124.83,7,0
124.83,7,0
124.83,7,0
124.83,7,0
124.83,7,0
124.83,7,0
124.83,7,0
124.83,7,0
124.83,7,0
124.83,7,0
124.83,7,0
124.83,7,0
124.83,7,0
124.83,7,0
124.83,7,0
124.83,7,0
124.83,7,0
124.83,7,0
124.83,7,0
124.83,7,0
124.83,7,0
124.83,7,0
124.83,7,0
124.83,7,0
124.83,7,0
124.83,7,0
124.83,7,0
124.83,7,0
124.83,7,0
124.83,7,0
124.83,7,0
124.83,7,0
124.83,7,0
124.83,7,0
124.83,7,0
124.83,7,0
124.83,7,0
124.83,7,0
124.83,7,0
124.83,7,0
124.83,7,0
124.83,7,0
124.83,7,0
124.83,7,0
124.83,7,0
124.83,7,0
124.83,7,0
124.83,7,0
124.83,7,0
124.83,7,0
0,8,2
27.488,8,2
52.778,8,2
42.824,8,2
51.447,8,2
36.806,8,2
36.227,8,2
31.337,8,2
26.447,8,2
28.009,8,2
32.812,8,2
33.275,8,2
37.963,8,2
35.359,8,2
27.025,8,2
34.375,8,2
35.706,8,2
34.201,8,2
38.194,8,2
40.856,8,2
35.532,8,2
36.69,8,2
38.889,8,2
44.097,8,2
39.988,8,2
38.542,8,2
41.667,8,2
35.648,8,2
40.336,8,2
47.454,8,2
43.345,8,2
46.007,8,2
40.567,8,2
39.005,8,2
42.593,8,2
42.882,8,2
47.396,8,2
42.188,8,2
47.743,8,2
48.264,8,2
39.352,8,2
43.027,8,2
46.701,8,2
42.303,8,2
41.146,8,2
47.685,8,2
52.488,8,2
40.046,8,2
41.146,8,2
38.426,8,2
40.828,8,2
43.229,8,2
40.741,8,2
42.824,8,2
48.669,8,2
46.412,8,2
46.123,8,2
45.833,8,2
44.184,8,2
42.535,8,2
46.817,8,2
46.933,8,2
48.438,8,2
45.949,8,2
48.438,8,2
46.701,8,2
48.727,8,2
48.611,8,2
49.971,8,2
51.331,8,2
48.09,8,2
51.505,8,2
50.289,8,2
47.222,8,2
55.613,8,2
49.537,8,2
50.637,8,2
53.762,8,2
52.778,8,2
53.733,8,2
54.688,8,2
51.273,8,2
50.289,8,2
52.228,8,2
54.167,8,2
52.025,8,2
53.299,8,2
54.572,8,2
55.845,8,2
54.311,8,2
52.778,8,2
47.685,8,2
53.241,8,2
47.454,8,2
51.215,8,2
53.935,8,2
52.488,8,2
54.109,8,2
52.691,8,2
51.273,8,2
43.75,8,2
36.227,8,2
48.032,8,2
40.22,8,2
43.75,8,2
39.988,8,2
39.988,8,2
41.609,8,2
47.569,8,2
44.329,8,2
39.873,8,2
44.387,8,2
44.792,8,2
43.634,8,2
44.213,8,2
47.28,8,2
43.519,8,2
45.486,8,2
45.64,8,2
45.795,8,2
45.949,8,2
40.914,8,2
39.12,8,2
46.238,8,2
34.491,8,2
44.039,8,2
40.249,8,2
36.458,8,2
40.162,8,2
41.725,8,2
37.558,8,2
39.988,8,2
34.896,8,2
29.803,8,2
43.634,8,2
37.095,8,2
34.954,8,2
32.812,8,2
31.481,8,2
33.044,8,2
32.697,8,2
32.35,8,2
37.442,8,2
35.127,8,2
32.812,8,2
32.812,8,2
42.245,8,2
35.822,8,2
27.836,8,2
33.854,8,2
27.025,8,2
36.516,8,2
30.208,8,2
30.671,8,2
39.583,8,2
29.803,8,2
33.565,8,2
34.722,8,2
37.037,8,2
40.451,8,2
32.639,8,2
35.822,8,2
39.005,8,2
49.306,8,2
43.519,8,2
43.171,8,2
19.676,8,2
41.088,8,2
42.188,8,2
45.544,8,2
33.333,8,2
43.808,8,2
33.044,8,2
25.463,8,2
37.731,8,2
36.748,8,2
23.727,8,2
17.303,8,2
14.873,8,2
14.583,8,2
10.359,8,2
11.863,8,2
10.475,8,2
5.2373,8,2
0,8,2
2.0833,8,2
1.3889,8,2
2.6042,8,2
1.6204,8,2
0.63657,8,2
2.5463,8,2
9.0856,8,2
0,8,2
6.3657,8,2
1.5625,8,2
0,8,2
4.3981,8,2
2.1991,8,2
0,8,2
0,8,2
0,8,2
0,8,2
2.0833,8,2
0,8,2
0,8,2
0,8,2
0,8,2
0,8,2
0,8,2
0,8,2
0,8,2
0,8,2
0,8,2
0,8,2
0,8,2
0,8,2
0,8,2
0,8,2
0,8,2
0,8,2
0,8,2
0,8,2
0,8,2
0,8,2
0,8,2
0,8,2
0,8,2
0,8,2
0,8,2
0,8,2
0,8,2
0,8,2
0,8,2
0,8,2
0,8,2
0,8,2
0,8,2
0,8,2
0,8,2
0,8,2
0,8,2
0,10,2
0,10,2
43.461,10,2
193.81,10,2
0,10,2
5.5556,10,2
200,10,2
0,10,2
200,10,2
0,10,2
0,10,2
0,10,2
200,10,2
5.6134,10,2
0,10,2
12.963,10,2
200,10,2
0,10,2
38.137,10,2
0,10,2
0,10,2
27.199,10,2
0,10,2
200,10,2
200,10,2
0,10,2
0,10,2
200,10,2
0,10,2
0,10,2
0,10,2
0,10,2
0,10,2
0,10,2
200,10,2
0,10,2
0,10,2
200,10,2
0,10,2
200,10,2
2.3148,10,2
0,10,2
0,10,2
0,10,2
0,10,2
0,10,2
0,10,2
0,10,2
200,10,2
0,10,2
0,10,2
0,10,2
180.09,10,2
146.47,10,2
111.81,10,2
30.787,10,2
17.998,10,2
35.706,10,2
14.178,10,2
0,10,2
200,10,2
0,10,2
200,10,2
200,10,2
137.5,10,2
0,10,2
200,10,2
173.67,10,2
82.407,10,2
200,10,2
0,10,2
93.171,10,2
173.61,10,2
80.266,10,2
200,10,2
0,10,2
0,10,2
200,10,2
200,10,2
0,10,2
200,10,2
0,10,2
194.16,10,2
0,10,2
200,10,2
14.005,10,2
0,10,2
200,10,2
0,10,2
0,10,2
0,10,2
0,10,2
196.41,10,2
129.05,10,2
200,10,2
200,10,2
0,10,2
12.211,10,2
0,10,2
0,10,2
0,10,2
19.387,10,2
200,10,2
0,10,2
200,10,2
1.3889,10,2
200,10,2
2.4306,10,2
7.6389,10,2
200,10,2
200,10,2
200,10,2
0,10,2
200,10,2
200,10,2
80.093,10,2
188.89,10,2
0,10,2
200,10,2
9.5486,10,2
200,10,2
200,10,2
171.53,10,2
0,10,2
45.486,10,2
200,10,2
186.69,10,2
0,10,2
76.157,10,2
97.222,10,2
0,10,2
11.227,10,2
194.39,10,2
200,10,2
2.0255,10,2
0,10,2
200,10,2
46.238,10,2
200,10,2
200,10,2
200,10,2
200,10,2
71.817,10,2
0,10,2
0,10,2
0,10,2
200,10,2
0,10,2
40.278,10,2
175.35,10,2
0,10,2
200,10,2
200,10,2
200,10,2
8.2176,10,2
200,10,2
0,10,2
200,10,2
200,10,2
0,10,2
200,10,2
85.185,10,2
2.8356,10,2
200,10,2
0,10,2
29.34,10,2
116.03,10,2
24.595,10,2
200,10,2
0,10,2
1.4468,10,2
11.343,10,2
0,10,2
0,10,2
200,10,2
0,10,2
0,10,2
1.8519,10,2
0,10,2
0,10,2
1.794,10,2
0,10,2
0,10,2
200,10,2
78.356,10,2
200,10,2
0,10,2
0,10,2
9.5486,10,2
0,10,2
61.748,10,2
200,10,2
0,10,2
0,10,2
23.785,10,2
109.72,10,2
200,10,2
194.56,10,2
3.2407,10,2
28.009,10,2
0,10,2
0,10,2
32.118,10,2
200,10,2
0,10,2
0,10,2
186.92,10,2
0,10,2
0,10,2
200,10,2
0,10,2
0,10,2
159.95,10,2
6.8866,10,2
100.52,10,2
200,10,2
44.676,10,2
0,10,2
0,10,2
200,10,2
49.769,10,2
0,10,2
0,10,2
98.09,10,2
30.208,10,2
70.023,10,2
0,10,2
0.028935,10,2
0.05787,10,2
64.815,10,2
0,10,2
66.026,10,2
0,10,2
46.875,10,2
91.262,10,2
0,10,2
54.109,10,2
8.2176,10,2
0,10,2
0,10,2
112.67,10,2
94.965,0,0
85.764,4,1
95.023,0,0
94.946,0,0
94.869,0,0
94.792,0,0
94.715,0,0
94.637,0,0
94.56,0,0
94.483,0,0
94.406,0,0
94.329,0,0
94.252,0,0
94.174,0,0
94.097,0,0
94.02,0,0
93.943,0,0
93.866,0,0
93.731,0,0
93.596,0,0
93.461,0,0
93.326,0,0
93.191,0,0
93.056,0,0
92.921,0,0
92.785,0,0
92.65,0,0
92.515,0,0
92.38,0,0
92.245,0,0
92.11,0,0
91.975,0,0
91.84,0,0
91.705,0,0
91.57,0,0
91.435,0,0
91.3,0,0
91.165,0,0
91.03,0,0
90.895,0,0
90.76,0,0
90.625,0,0
90.49,0,0
90.355,0,0
90.22,0,0
90.085,0,0
89.95,0,0
89.815,0,0
89.789,0,0
89.764,0,0
89.739,0,0
89.714,0,0
89.688,0,0
89.663,0,0
89.638,0,0
89.612,0,0
89.587,0,0
89.562,0,0
89.536,0,0
89.511,0,0
89.486,0,0
89.46,0,0
89.435,0,0
89.41,0,0
90.069,0,0
90.729,0,0
91.389,0,0
92.049,0,0
92.708,0,0
92.843,0,0
92.978,0,0
93.113,0,0
93.248,0,0
93.383,0,0
93.519,0,0
93.654,0,0
93.789,0,0
93.924,0,0
94.059,0,0
94.194,0,0
94.329,0,0
94.304,0,0
94.278,0,0
94.253,0,0
94.228,0,0
94.203,0,0
94.178,0,0
94.153,0,0
94.127,0,0
94.102,0,0
94.077,0,0
94.052,0,0
94.027,0,0
94.002,0,0
93.976,0,0
93.951,0,0
93.926,0,0
93.901,0,0
93.876,0,0
93.851,0,0
93.825,0,0
93.8,0,0
93.775,0,0
93.75,0,0
83.681,4,1
93.287,0,0
93.175,0,0
93.063,0,0
92.951,0,0
92.839,0,0
92.727,0,0
92.615,0,0
92.503,0,0
92.391,0,0
92.279,0,0
92.167,0,0
92.055,0,0
91.943,0,0
91.831,0,0
91.719,0,0
91.607,0,0
91.495,0,0
91.383,0,0
91.271,0,0
91.159,0,0
91.047,0,0
90.935,0,0
90.823,0,0
90.711,0,0
90.599,0,0
90.487,0,0
90.375,0,0
90.263,0,0
90.151,0,0
90.039,0,0
89.927,0,0
89.815,0,0
89.892,0,0
89.969,0,0
90.046,0,0
90.123,0,0
90.201,0,0
90.278,0,0
90.856,0,0
91.435,0,0
92.014,0,0
92.593,0,0
93.171,0,0
93.309,0,0
93.446,0,0
93.584,0,0
93.721,0,0
93.859,0,0
93.996,0,0
94.133,0,0
94.271,0,0
94.228,0,0
94.185,0,0
94.143,0,0
94.1,0,0
94.057,0,0
94.014,0,0
93.971,0,0
93.929,0,0
93.886,0,0
93.843,0,0
93.8,0,0
93.758,0,0
93.715,0,0
93.672,0,0
93.629,0,0
93.586,0,0
93.544,0,0
93.501,0,0
93.458,0,0
93.415,0,0
93.373,0,0
93.33,0,0
93.287,0,0
86.227,4,1
92.94,0,0
92.824,0,0
92.708,0,0
92.593,0,0
90.856,4,1
92.303,0,0
92.13,0,0
91.956,0,0
91.782,0,0
88.281,0,0
84.78,4,1
91.377,0,0
91.269,0,0
91.16,0,0
91.051,0,0
90.942,0,0
90.833,0,0
90.725,0,0
90.616,0,0
90.507,0,0
90.398,0,0
90.289,0,0
90.181,0,0
90.072,0,0
89.963,0,0
89.854,0,0
89.745,0,0
89.637,0,0
89.528,0,0
89.419,0,0
89.31,0,0
89.201,0,0
89.093,0,0
88.984,0,0
88.875,0,0
88.766,0,0
88.657,0,0
88.657,0,0
88.657,0,0
88.657,0,0
88.657,0,0
88.657,0,0
88.657,0,0
88.657,0,0
88.657,0,0
88.657,0,0
88.657,0,0
88.657,0,0
88.657,0,0
88.657,0,0
88.657,0,0
88.657,0,0
88.657,0,0
88.657,0,0
88.657,0,0
88.657,0,0
88.657,0,0
88.657,0,0
88.657,0,0
88.657,0,0
88.657,0,0
0,12,2
0,12,2
0,12,2
0,12,2
0,12,2
0,12,2
0,12,2
0,12,2
0,12,2
0,12,2
0,12,2
0,12,2
0,12,2
0,12,2
0,12,2
0,12,2
0,12,2
0,12,2
0,12,2
0,12,2
0,12,2
0,12,2
0,12,2
0,12,2
0,12,2
0,12,2
0,12,2
0,12,2
0,12,2
0,12,2
0,12,2
0,12,2
0,12,2
0,12,2
0,12,2
0,12,2
0,12,2
0,12,2
0,12,2
0,12,2
0,12,2
0,12,2
0,12,2
0,12,2
0,12,2
0,12,2
0,12,2
0,12,2
0,12,2
0,12,2
0,12,2
0,12,2
0,12,2
0,12,2
0,12,2
0,12,2
0,12,2
0,12,2
0,12,2
0,12,2
0,12,2
0,12,2
0,12,2
0,12,2
0,12,2
0,12,2
0,12,2
0,12,2
0,12,2
0,12,2
0,12,2
0,12,2
0,12,2
0,12,2
0,12,2
0,12,2
0,12,2
0,12,2
0,12,2
0,12,2
0,12,2
0,12,2
0,12,2
0,12,2
0,12,2
0,12,2
0,12,2
0,12,2
0,12,2
0,12,2
0,12,2
0,12,2
0,12,2
0,12,2
0,12,2
0,12,2
0,12,2
0,12,2
0,12,2
0,12,2
0,12,2
0,12,2
0,12,2
0,12,2
0,12,2
0,12,2
0,12,2
0,12,2
0,12,2
0,12,2
0,12,2
0,12,2
0,12,2
0,12,2
0,12,2
0,12,2
0,12,2
0,12,2
0,12,2
0,12,2
0,12,2
0,12,2
0,12,2
0,12,2
0,12,2
0,12,2
0,12,2
0,12,2
0,12,2
0,12,2
0,12,2
0,12,2
0,12,2
0,12,2
0,12,2
0,12,2
0,12,2
0,12,2
0,12,2
0,12,2
0,12,2
0,12,2
0,12,2
0,12,2
0,12,2
0,12,2
0,12,2
0,12,2
0,12,2
0,12,2
0,12,2
0,12,2
0,12,2
0,12,2
0,12,2
0,12,2
0,12,2
0,12,2
0,12,2
0,12,2
0,12,2
0,12,2
0,12,2
0,12,2
0,12,2
0,12,2
0,12,2
0,12,2
0,12,2
0,12,2
0,12,2
0,12,2
0,12,2
0,12,2
0,12,2
0,12,2
0,12,2
0,12,2
0,12,2
0,12,2
0,12,2
0,12,2
0,12,2
0,12,2
0,12,2
0,12,2
0,12,2
0,12,2
0,12,2
0,12,2
0,12,2
0,12,2
0,12,2
0,12,2
0,12,2
0,12,2
0,12,2
0,12,2
0,12,2
0,12,2
0,12,2
0,12,2
0,12,2
0,12,2
0,12,2
0,12,2
0,12,2
0,12,2
0,12,2
0,12,2
0,12,2
0,12,2
0,12,2
0,12,2
0,12,2
0,12,2
0,12,2
0,12,2
0,12,2
0,12,2
0,12,2
0,12,2
0,12,2
0,12,2
0,12,2
0,12,2
0,12,2
0,12,2
0,12,2
0,12,2
0,12,2
0,12,2
0,12,2
0,12,2
0,12,2
0,12,2
0,12,2
0,12,2
0,12,2
0,12,2
0,12,2
70.833,10,2
69.618,10,2
68.403,10,2
70.891,10,2
75.579,10,2
50,10,2
49.769,10,2
59.144,10,2
52.141,10,2
55.671,10,2
52.662,10,2
60.127,10,2
56.25,10,2
69.85,10,2
66.551,10,2
83.912,10,2
88.542,10,2
85.475,10,2
87.731,10,2
91.204,10,2
91.059,10,2
90.914,10,2
90.77,10,2
90.625,10,2
88.85,10,2
87.076,10,2
85.301,10,2
53.935,10,2
46.528,10,2
48.727,10,2
47.975,10,2
40.509,10,2
43.692,10,2
35.243,10,2
47.685,10,2
44.387,10,2
43.171,10,2
43.113,10,2
40.914,10,2
35.706,10,2
34.549,10,2
31.617,10,2
28.684,10,2
25.752,10,2
16.03,10,2
25.868,10,2
26.273,10,2
18.519,10,2
28.356,10,2
28.414,10,2
31.887,10,2
35.359,10,2
17.014,10,2
27.025,10,2
24.711,10,2
24.363,10,2
26.62,10,2
30.324,10,2
28.385,10,2
26.447,10,2
20.775,10,2
20.197,10,2
21.354,10,2
16.725,10,2
19.734,10,2
20.775,10,2
30.15,10,2
38.137,10,2
39.699,10,2
39.062,10,2
35.301,10,2
36.227,10,2
37.153,10,2
34.983,10,2
32.812,10,2
35.88,10,2
36.111,10,2
31.829,10,2
30.093,10,2
28.356,10,2
23.206,10,2
21.065,10,2
25.868,10,2
23.495,10,2
36.863,10,2
40.625,10,2
56.192,10,2
57.668,10,2
59.144,10,2
65.336,10,2
68.75,10,2
72.164,10,2
74.363,10,2
72.685,10,2
72.407,10,2
72.13,10,2
71.852,10,2
71.574,10,2
71.296,10,2
69.936,10,2
68.576,10,2
69.444,10,2
73.264,10,2
70.37,10,2
74.306,10,2
70.718,10,2
70.023,10,2
71.759,10,2
72.396,10,2
68.316,10,2
64.236,10,2
58.391,10,2
58.391,10,2
50.926,10,2
49.595,10,2
43.808,10,2
43.519,10,2
48.438,10,2
55.787,10,2
54.34,10,2
63.137,10,2
63.31,10,2
69.213,10,2
71.817,10,2
72.685,10,2
74.653,10,2
76.62,10,2
76.071,10,2
75.521,10,2
76.157,10,2
75.289,10,2
72.164,10,2
64.525,10,2
51.757,10,2
47.222,10,2
44.85,10,2
33.623,10,2
36.285,10,2
36.169,10,2
30.498,10,2
33.623,10,2
27.315,10,2
22.685,10,2
37.153,10,2
39.352,10,2
45.37,10,2
46.933,10,2
41.204,10,2
47.801,10,2
54.398,10,2
53.183,10,2
46.065,10,2
59.086,10,2
53.877,10,2
32.523,10,2
47.454,10,2
71.296,10,2
74.769,10,2
75.24,10,2
75.711,10,2
76.182,10,2
76.653,10,2
77.125,10,2
77.596,10,2
78.067,10,2
77.922,10,2
77.778,10,2
76.042,10,2
72.396,10,2
73.495,10,2
69.56,10,2
65.625,10,2
52.778,10,2
45.544,10,2
45.37,10,2
49.016,10,2
47.222,10,2
33.391,10,2
39.12,10,2
31.481,10,2
45.949,10,2
70.544,10,2
83.333,10,2
68.519,10,2
85.012,10,2
89.178,10,2
89.429,10,2
89.68,10,2
89.931,10,2
90.181,10,2
90.432,10,2
90.683,10,2
84.896,10,2
47.512,10,2
45.718,10,2
33.507,10,2
27.199,10,2
25,10,2
25.694,10,2
49.016,10,2
46.701,10,2
55.498,10,2
51.794,10,2
54.109,10,2
64.005,10,2
60.475,10,2
67.766,10,2
83.97,10,2
88.194,10,2
87.066,10,2
85.938,10,2
85.59,10,2
87.172,10,2
88.754,10,2
90.336,10,2
90.914,10,2
90.85,10,2
90.786,10,2
90.721,10,2
90.657,10,2
90.593,10,2
90.529,10,2
90.464,10,2
90.4,10,2
90.336,10,2
88.194,10,2
86.053,10,2
78.183,10,2
56.481,10,2
47.685,10,2
33.333,10,2
44.213,10,2
44.271,10,2
49.306,10,2
63.657,10,2
72.049,10,2
77.98,10,2
83.912,10,2
85.098,10,2
86.285,10,2
86.285,10,2
107.87,2,0
107.83,2,0
107.78,2,0
107.74,2,0
107.7,2,0
107.66,2,0
107.61,2,0
107.57,2,0
107.53,2,0
107.48,2,0
107.44,2,0
107.4,2,0
107.36,2,0
107.31,2,0
107.27,2,0
107.23,2,0
107.18,2,0
107.14,2,0
107.1,2,0
107.06,2,0
107.01,2,0
106.97,2,0
106.93,2,0
106.88,2,0
106.84,2,0
106.8,2,0
106.76,2,0
106.71,2,0
106.67,2,0
106.63,2,0
106.58,2,0
106.54,2,0
106.5,2,0
106.46,2,0
106.41,2,0
106.37,2,0
106.33,2,0
106.28,2,0
106.24,2,0
106.2,2,0
106.16,2,0
106.11,2,0
106.07,2,0
106.03,2,0
105.98,2,0
105.94,2,0
105.9,2,0
105.86,2,0
105.81,2,0
105.77,2,0
105.73,2,0
105.68,2,0
105.64,2,0
105.6,2,0
105.56,2,0
105.55,2,0
105.54,2,0
105.54,2,0
105.53,2,0
105.52,2,0
105.52,2,0
105.51,2,0
105.51,2,0
105.5,2,0
105.49,2,0
105.49,2,0
105.48,2,0
105.47,2,0
105.47,2,0
105.46,2,0
105.46,2,0
105.45,2,0
105.44,2,0
105.44,2,0
105.43,2,0
105.42,2,0
105.42,2,0
105.41,2,0
105.41,2,0
105.4,2,0
105.39,2,0
105.39,2,0
105.38,2,0
105.37,2,0
105.37,2,0
105.36,2,0
105.36,2,0
105.35,2,0
105.34,2,0
105.34,2,0
105.33,2,0
105.32,2,0
105.32,2,0
105.32,2,0
105.32,2,0
105.32,2,0
105.32,2,0
105.32,2,0
105.32,2,0
105.32,2,0
105.32,2,0
105.32,2,0
105.32,2,0
105.32,2,0
105.32,2,0
105.32,2,0
105.32,2,0
105.32,2,0
105.32,2,0
105.32,2,0
105.32,2,0
105.32,2,0
105.32,2,0
105.32,2,0
105.32,2,0
105.32,2,0
105.32,2,0
105.32,2,0
105.32,2,0
105.32,2,0
105.32,2,0
105.32,2,0
105.32,2,0
105.32,2,0
105.32,2,0
105.32,2,0
105.32,2,0
105.32,2,0
105.32,2,0
105.32,2,0
105.32,2,0
105.32,2,0
105.31,2,0
105.3,2,0
105.29,2,0
105.28,2,0
105.27,2,0
105.25,2,0
105.24,2,0
105.23,2,0
105.22,2,0
105.21,2,0
105.2,2,0
105.18,2,0
105.17,2,0
105.16,2,0
105.15,2,0
105.14,2,0
105.13,2,0
105.11,2,0
105.1,2,0
105.09,2,0
105.08,2,0
105.07,2,0
105.06,2,0
105.04,2,0
105.03,2,0
105.02,2,0
105.01,2,0
105,2,0
104.99,2,0
104.97,2,0
104.96,2,0
104.95,2,0
104.94,2,0
104.93,2,0
104.91,2,0
104.9,2,0
104.89,2,0
104.88,2,0
104.87,2,0
104.86,2,0
104.84,2,0
104.83,2,0
104.82,2,0
104.81,2,0
104.8,2,0
104.79,2,0
104.77,2,0
104.76,2,0
104.75,2,0
104.74,2,0
104.73,2,0
104.72,2,0
104.7,2,0
104.69,2,0
104.68,2,0
104.67,2,0
104.66,2,0
104.65,2,0
104.63,2,0
104.62,2,0
104.61,2,0
104.6,2,0
104.59,2,0
104.58,2,0
104.56,2,0
104.55,2,0
104.54,2,0
104.53,2,0
104.52,2,0
104.51,2,0
104.49,2,0
104.48,2,0
104.47,2,0
104.46,2,0
104.45,2,0
104.44,2,0
104.42,2,0
104.41,2,0
104.4,2,0
104.39,2,0
104.38,2,0
104.37,2,0
104.35,2,0
104.34,2,0
104.33,2,0
104.32,2,0
104.31,2,0
104.3,2,0
104.28,2,0
104.27,2,0
104.26,2,0
104.25,2,0
104.24,2,0
104.23,2,0
104.21,2,0
104.2,2,0
104.19,2,0
104.18,2,0
104.17,2,0
104.17,2,0
104.17,2,0
104.17,2,0
104.17,2,0
104.17,2,0
104.17,2,0
104.17,2,0
104.17,2,0
104.17,2,0
104.17,2,0
103.79,14,0
103.43,14,0
103.08,14,0
102.74,14,0
102.41,14,0
102.09,14,0
101.78,14,0
101.47,14,0
101.18,14,0
100.89,14,0
100.61,14,0
100.35,14,0
100.08,14,0
99.83,14,0
99.583,14,0
99.343,14,0
99.111,14,0
98.885,14,0
98.666,14,0
98.453,14,0
98.246,14,0
98.045,14,0
97.85,14,0
97.661,14,0
97.477,14,0
97.299,14,0
97.125,14,0
96.957,14,0
96.794,14,0
96.635,14,0
96.481,14,0
96.331,14,0
96.186,14,0
96.045,14,0
95.908,14,0
95.775,14,0
95.646,14,0
95.521,14,0
95.399,14,0
95.281,14,0
95.166,14,0
95.055,14,0
94.946,14,0
94.841,14,0
94.739,14,0
94.64,14,0
94.544,14,0
94.451,14,0
94.36,14,0
94.272,14,0
94.186,14,0
94.103,14,0
94.023,14,0
93.944,14,0
93.868,14,0
93.794,14,0
93.723,14,0
93.653,14,0
93.586,14,0
93.52,14,0
93.456,14,0
93.394,14,0
93.334,14,0
93.276,14,0
93.219,14,0
93.164,14,0
93.111,14,0
93.059,14,0
93.009,14,0
92.96,14,0
92.912,14,0
92.866,14,0
92.822,14,0
92.778,14,0
92.736,14,0
92.695,14,0
92.655,14,0
92.616,14,0
92.579,14,0
92.543,14,0
92.507,14,0
92.473,14,0
92.439,14,0
92.407,14,0
92.376,14,0
92.345,14,0
92.315,14,0
92.287,14,0
92.259,14,0
92.245,0,0
92.23,0,0
92.215,0,0
92.2,0,0
92.185,0,0
92.17,0,0
92.155,0,0
92.14,0,0
92.125,0,0
92.11,0,0
92.095,0,0
92.08,0,0
92.065,0,0
92.05,0,0
92.035,0,0
92.02,0,0
92.005,0,0
91.99,0,0
91.975,0,0
91.96,0,0
91.945,0,0
91.93,0,0
91.915,0,0
91.9,0,0
91.885,0,0
91.87,0,0
91.855,0,0
91.84,0,0
91.751,0,0
91.662,0,0
91.573,0,0
91.484,0,0
91.395,0,0
91.306,0,0
91.217,0,0
91.128,0,0
91.039,0,0
90.95,0,0
90.861,0,0
90.772,0,0
90.683,0,0
90.594,0,0
90.505,0,0
90.416,0,0
90.327,0,0
90.238,0,0
90.149,0,0
90.06,0,0
89.971,0,0
89.882,0,0
89.793,0,0
89.704,0,0
89.614,0,0
89.525,0,0
89.589,0,0
89.652,0,0
89.715,0,0
89.778,0,0
89.841,0,0
89.904,0,0
89.967,0,0
90.031,0,0
90.094,0,0
90.157,0,0
90.22,0,0
90.596,0,0
90.972,0,0
89.796,0,0
88.619,0,0
87.442,0,0
86.806,0,0
86.169,0,0
85.532,0,0
84.896,0,0
84.259,0,0
83.623,0,0
82.914,0,0
82.205,0,0
81.496,0,0
80.787,0,0
80.961,0,0
81.134,0,0
81.308,0,0
81.481,0,0
81.655,0,0
81.829,0,0
82.002,0,0
81.973,0,0
81.944,0,0
81.916,0,0
81.887,0,0
81.858,0,0
81.829,0,0
81.8,0,0
81.771,0,0
81.742,0,0
81.713,0,0
81.684,0,0
81.655,0,0
81.626,0,0
81.597,0,0
81.568,0,0
81.539,0,0
81.51,0,0
81.481,0,0
81.453,0,0
81.424,0,0
81.395,0,0
81.366,0,0
81.337,0,0
81.308,0,0
81.279,0,0
81.25,0,0
81.107,0,0
80.964,0,0
80.821,0,0
80.677,0,0
80.534,0,0
80.391,0,0
80.248,0,0
80.105,0,0
79.962,0,0
79.818,0,0
79.675,0,0
79.532,0,0
79.389,0,0
79.246,0,0
79.103,0,0
78.96,0,0
78.816,0,0
78.673,0,0
78.53,0,0
78.387,0,0
78.244,0,0
78.101,0,0
77.957,0,0
77.814,0,0
77.671,0,0
77.528,0,0
77.385,0,0
77.242,0,0
77.099,0,0
76.955,0,0
76.812,0,0
76.669,0,0
76.526,0,0
76.383,0,0
76.24,0,0
76.096,0,0
75.953,0,0
75.81,0,0
74.19,0,0
79.861,0,0
82.176,0,0
82.465,0,0
80.922,0,0
79.379,0,0
77.836,0,0
77.025,0,0
77.118,0,0
77.211,0,0
77.303,0,0
77.396,0,0
77.488,0,0
77.581,0,0
77.674,0,0
77.766,0,0
77.859,0,0
77.951,0,0
78.328,0,0
78.704,0,0
80.035,0,0
81.366,0,0
82.697,0,0
82.803,0,0
82.909,0,0
83.015,0,0
83.121,0,0
83.227,0,0
83.333,0,0
83.88,0,0
84.426,0,0
84.973,0,0
85.52,0,0
86.066,0,0
86.613,0,0
87.159,0,0
87.706,0,0
88.252,0,0
88.937,0,0
89.622,0,0
90.307,0,0
90.992,0,0
91.676,0,0
92.361,0,0
92.56,0,0
92.758,0,0
92.956,0,0
93.155,0,0
93.353,0,0
93.552,0,0
93.75,0,0
93.723,0,0
93.697,0,0
93.67,0,0
93.643,0,0
93.616,0,0
93.59,0,0
93.563,0,0
93.536,0,0
93.51,0,0
93.483,0,0
93.456,0,0
93.429,0,0
93.403,0,0
92.65,0,0
91.898,0,0
91.146,0,0
90.394,0,0
91.377,0,0
92.361,0,0
93.113,0,0
93.866,0,0
94.618,0,0
94.618,0,0
94.618,0,0
94.618,0,0
94.618,0,0
94.618,0,0
94.618,0,0
94.618,0,0
94.618,0,0
94.618,0,0
94.618,0,0
94.618,0,0
94.618,0,0
94.618,0,0
94.618,0,0
94.618,0,0
94.618,0,0
94.618,0,0
85.88,1,0
85.852,1,0
85.824,1,0
85.796,1,0
85.768,1,0
85.74,1,0
85.712,1,0
85.684,1,0
85.656,1,0
85.628,1,0
85.6,1,0
85.572,1,0
85.544,1,0
85.516,1,0
85.488,1,0
85.46,1,0
85.432,1,0
85.404,1,0
85.376,1,0
85.348,1,0
85.32,1,0
85.292,1,0
85.264,1,0
85.236,1,0
85.208,1,0
85.18,1,0
85.152,1,0
85.124,1,0
85.096,1,0
85.068,1,0
85.04,1,0
85.012,1,0
85.029,1,0
85.047,1,0
85.065,1,0
85.083,1,0
85.1,1,0
85.118,1,0
85.136,1,0
85.154,1,0
85.171,1,0
85.189,1,0
85.207,1,0
85.225,1,0
85.242,1,0
85.26,1,0
85.278,1,0
85.296,1,0
85.313,1,0
85.331,1,0
85.349,1,0
85.367,1,0
85.384,1,0
85.402,1,0
85.42,1,0
85.438,1,0
85.455,1,0
85.473,1,0
85.491,1,0
85.509,1,0
85.526,1,0
85.544,1,0
85.562,1,0
85.58,1,0
85.598,1,0
85.615,1,0
85.633,1,0
85.651,1,0
85.669,1,0
85.686,1,0
85.704,1,0
85.722,1,0
85.74,1,0
85.757,1,0
85.775,1,0
85.793,1,0
85.811,1,0
85.828,1,0
85.846,1,0
85.864,1,0
85.882,1,0
85.899,1,0
85.917,1,0
85.935,1,0
85.953,1,0
85.97,1,0
85.988,1,0
86.006,1,0
86.024,1,0
86.041,1,0
86.059,1,0
86.077,1,0
86.095,1,0
86.112,1,0
86.13,1,0
86.148,1,0
86.166,1,0
86.183,1,0
86.201,1,0
86.219,1,0
86.237,1,0
86.254,1,0
86.272,1,0
86.29,1,0
86.308,1,0
86.325,1,0
86.343,1,0
86.361,1,0
86.379,1,0
86.397,1,0
86.414,1,0
86.432,1,0
86.45,1,0
86.468,1,0
86.485,1,0
86.503,1,0
86.521,1,0
86.539,1,0
86.556,1,0
86.574,1,0
86.601,1,0
86.627,1,0
86.654,1,0
86.681,1,0
86.707,1,0
86.734,1,0
86.76,1,0
86.787,1,0
86.814,1,0
86.84,1,0
86.867,1,0
86.894,1,0
86.92,1,0
86.947,1,0
86.973,1,0
87,1,0
87.027,1,0
87.053,1,0
87.08,1,0
87.106,1,0
87.133,1,0
87.16,1,0
87.186,1,0
87.213,1,0
87.24,1,0
87.266,1,0
87.293,1,0
87.319,1,0
87.346,1,0
87.373,1,0
87.399,1,0
87.426,1,0
87.453,1,0
87.479,1,0
87.506,1,0
87.532,1,0
87.559,1,0
87.586,1,0
87.612,1,0
87.639,1,0
87.666,1,0
87.692,1,0
87.719,1,0
87.745,1,0
87.772,1,0
87.799,1,0
87.825,1,0
87.852,1,0
87.878,1,0
87.905,1,0
87.901,1,0
87.897,1,0
87.894,1,0
87.89,1,0
87.886,1,0
87.882,1,0
87.878,1,0
87.874,1,0
87.87,1,0
87.867,1,0
87.863,1,0
87.859,1,0
87.855,1,0
87.851,1,0
87.847,1,0
87.843,1,0
87.84,1,0
87.836,1,0
87.832,1,0
87.828,1,0
87.824,1,0
87.82,1,0
87.816,1,0
87.812,1,0
87.809,1,0
87.805,1,0
87.801,1,0
87.797,1,0
87.793,1,0
87.789,1,0
83.565,5,1
87.905,1,0
87.905,1,0
87.905,1,0
87.905,1,0
87.905,1,0
79.398,5,1
87.905,1,0
87.812,1,0
87.72,1,0
87.627,1,0
87.535,1,0
87.442,1,0
79.051,5,1
88.021,1,0
88.003,1,0
87.985,1,0
87.967,1,0
87.95,1,0
87.932,1,0
87.914,1,0
87.896,1,0
87.878,1,0
87.861,1,0
87.843,1,0
87.825,1,0
87.807,1,0
87.789,1,0
81.655,5,1
87.731,1,0
87.693,1,0
87.654,1,0
87.616,1,0
75.289,5,1
87.5,1,0
87.5,1,0
78.472,5,1
87.5,1,0
87.5,1,0
87.5,1,0
87.5,1,0
93.461,0,0
81.366,4,1
93.287,0,0
93.292,0,0
93.296,0,0
93.301,0,0
93.305,0,0
93.31,0,0
93.314,0,0
93.319,0,0
93.323,0,0
93.328,0,0
93.332,0,0
93.337,0,0
93.342,0,0
93.346,0,0
93.351,0,0
93.355,0,0
93.36,0,0
93.364,0,0
93.369,0,0
93.373,0,0
93.378,0,0
93.382,0,0
93.387,0,0
93.391,0,0
93.396,0,0
93.401,0,0
93.405,0,0
93.41,0,0
93.414,0,0
93.419,0,0
93.423,0,0
93.428,0,0
93.432,0,0
93.437,0,0
93.441,0,0
93.446,0,0
93.45,0,0
93.455,0,0
93.46,0,0
93.464,0,0
93.469,0,0
93.473,0,0
93.478,0,0
93.482,0,0
93.487,0,0
93.491,0,0
93.496,0,0
93.5,0,0
93.505,0,0
93.509,0,0
93.514,0,0
93.519,0,0
93.428,0,0
93.338,0,0
93.247,0,0
93.157,0,0
93.066,0,0
92.976,0,0
92.886,0,0
92.795,0,0
92.705,0,0
92.614,0,0
92.524,0,0
92.433,0,0
92.343,0,0
92.253,0,0
92.162,0,0
92.072,0,0
93.027,0,0
93.981,0,0
93.808,0,0
93.634,0,0
93.461,0,0
93.287,0,0
93.113,0,0
92.94,0,0
92.766,0,0
92.593,0,0
92.528,0,0
92.463,0,0
92.399,0,0
92.334,0,0
92.269,0,0
92.205,0,0
92.14,0,0
92.075,0,0
92.01,0,0
91.946,0,0
91.881,0,0
91.816,0,0
91.752,0,0
91.687,0,0
91.622,0,0
91.558,0,0
91.493,0,0
91.566,0,0
91.64,0,0
91.713,0,0
91.786,0,0
91.86,0,0
91.933,0,0
92.006,0,0
92.079,0,0
92.153,0,0
92.226,0,0
92.299,0,0
92.373,0,0
92.446,0,0
92.519,0,0
92.593,0,0
92.606,0,0
92.62,0,0
92.634,0,0
92.647,0,0
92.661,0,0
92.675,0,0
92.688,0,0
92.702,0,0
92.716,0,0
92.729,0,0
92.743,0,0
92.757,0,0
92.77,0,0
92.784,0,0
92.798,0,0
92.811,0,0
92.825,0,0
92.839,0,0
92.852,0,0
92.866,0,0
92.88,0,0
92.893,0,0
92.907,0,0
92.921,0,0
92.934,0,0
92.948,0,0
92.962,0,0
92.975,0,0
92.989,0,0
93.003,0,0
93.016,0,0
93.03,0,0
93.043,0,0
93.057,0,0
93.071,0,0
93.084,0,0
93.098,0,0
93.112,0,0
93.125,0,0
93.139,0,0
93.153,0,0
93.166,0,0
93.18,0,0
93.194,0,0
93.207,0,0
93.221,0,0
93.235,0,0
93.248,0,0
93.262,0,0
93.276,0,0
93.289,0,0
93.303,0,0
93.317,0,0
93.33,0,0
93.344,0,0
93.358,0,0
93.371,0,0
93.385,0,0
93.399,0,0
93.412,0,0
93.426,0,0
93.44,0,0
93.453,0,0
93.467,0,0
93.481,0,0
93.494,0,0
93.508,0,0
93.522,0,0
93.535,0,0
93.549,0,0
93.563,0,0
93.576,0,0
93.538,0,0
93.499,0,0
93.461,0,0
93.422,0,0
93.383,0,0
93.345,0,0
93.306,0,0
93.268,0,0
93.229,0,0
93.191,0,0
93.152,0,0
93.113,0,0
93.075,0,0
93.036,0,0
92.998,0,0
57.002,4,1
92.94,0,0
92.94,0,0
92.94,0,0
92.94,0,0
92.94,0,0
92.94,0,0
92.94,0,0
92.94,0,0
92.94,0,0
92.94,0,0
92.94,0,0
92.94,0,0
92.94,0,0
92.94,0,0
92.94,0,0
92.94,0,0
92.94,0,0
92.94,0,0
92.94,0,0
92.94,0,0
92.94,0,0
92.94,0,0
92.94,0,0
92.94,0,0
92.94,0,0
92.94,0,0
92.94,0,0
92.94,0,0
92.94,0,0
92.94,0,0
92.94,0,0
92.94,0,0
92.94,0,0
92.94,0,0
92.94,0,0
92.94,0,0
92.94,0,0
92.94,0,0
92.94,0,0
92.94,0,0
92.94,0,0
92.565,14,0
92.202,14,0
91.849,14,0
91.506,14,0
91.173,14,0
90.85,14,0
90.537,14,0
90.232,14,0
89.936,14,0
89.649,14,0
89.37,14,0
89.099,14,0
88.836,14,0
88.581,14,0
88.333,14,0
88.092,14,0
87.858,14,0
87.631,14,0
87.411,14,0
87.197,14,0
86.989,14,0
86.787,14,0
86.591,14,0
86.401,14,0
86.216,14,0
86.037,14,0
85.863,14,0
85.693,14,0
85.529,14,0
85.37,14,0
85.215,14,0
85.065,14,0
84.919,14,0
84.777,14,0
84.639,14,0
84.506,14,0
84.376,14,0
84.25,14,0
84.127,14,0
84.009,14,0
83.893,14,0
83.781,14,0
83.672,14,0
83.567,14,0
83.464,14,0
83.365,14,0
83.268,14,0
83.174,14,0
83.083,14,0
82.994,14,0
82.909,14,0
82.825,14,0
82.744,14,0
82.665,14,0
82.589,14,0
82.515,14,0
82.443,14,0
82.373,14,0
82.305,14,0
82.239,14,0
82.175,14,0
82.113,14,0
82.052,14,0
81.994,14,0
81.937,14,0
81.881,14,0
81.828,14,0
81.776,14,0
81.725,14,0
81.676,14,0
81.628,14,0
81.582,14,0
81.537,14,0
81.493,14,0
81.451,14,0
81.41,14,0
81.37,14,0
81.331,14,0
81.293,14,0
81.256,14,0
81.221,14,0
81.186,14,0
81.153,14,0
81.12,14,0
81.089,14,0
81.058,14,0
81.028,14,0
80.999,14,0
80.971,14,0
80.944,14,0
80.917,14,0
80.892,14,0
80.867,14,0
80.843,14,0
80.839,2,0
80.84,2,0
80.841,2,0
80.843,2,0
80.844,2,0
80.845,2,0
78.993,6,1
80.961,2,0
80.962,2,0
80.963,2,0
80.965,2,0
80.966,2,0
80.967,2,0
80.969,2,0
80.97,2,0
80.971,2,0
80.973,2,0
80.974,2,0
80.975,2,0
80.977,2,0
80.978,2,0
80.979,2,0
80.981,2,0
80.982,2,0
80.984,2,0
80.985,2,0
80.986,2,0
80.988,2,0
80.989,2,0
80.99,2,0
80.992,2,0
80.993,2,0
80.994,2,0
80.996,2,0
80.997,2,0
80.998,2,0
81,2,0
81.001,2,0
81.002,2,0
81.004,2,0
81.005,2,0
81.006,2,0
81.008,2,0
81.009,2,0
81.01,2,0
81.012,2,0
81.013,2,0
81.014,2,0
81.016,2,0
81.017,2,0
81.019,2,0
0,6,1
81.019,2,0
81.02,2,0
81.021,2,0
81.023,2,0
81.024,2,0
81.026,2,0
81.027,2,0
81.029,2,0
81.03,2,0
81.031,2,0
81.033,2,0
81.034,2,0
81.036,2,0
81.037,2,0
81.039,2,0
81.04,2,0
81.041,2,0
81.043,2,0
81.044,2,0
81.046,2,0
81.047,2,0
81.049,2,0
81.05,2,0
81.051,2,0
81.053,2,0
81.054,2,0
81.056,2,0
81.057,2,0
81.059,2,0
81.06,2,0
81.061,2,0
81.063,2,0
81.064,2,0
81.066,2,0
81.067,2,0
81.069,2,0
81.07,2,0
81.071,2,0
81.073,2,0
81.074,2,0
81.076,2,0
81.077,2,0
81.079,2,0
81.08,2,0
81.081,2,0
81.083,2,0
81.084,2,0
81.086,2,0
81.087,2,0
81.089,2,0
81.09,2,0
81.091,2,0
81.093,2,0
81.094,2,0
81.096,2,0
81.097,2,0
81.099,2,0
81.1,2,0
81.101,2,0
81.103,2,0
81.104,2,0
81.106,2,0
81.107,2,0
81.109,2,0
81.11,2,0
81.111,2,0
81.113,2,0
81.114,2,0
81.116,2,0
81.117,2,0
81.119,2,0
81.12,2,0
81.121,2,0
81.123,2,0
81.124,2,0
81.126,2,0
81.127,2,0
81.129,2,0
81.13,2,0
81.131,2,0
81.133,2,0
81.134,2,0
73.264,6,1
81.134,2,0
81.129,2,0
81.125,2,0
81.12,2,0
81.115,2,0
81.11,2,0
81.105,2,0
81.101,2,0
81.096,2,0
81.091,2,0
81.086,2,0
81.081,2,0
81.076,2,0
81.072,2,0
81.067,2,0
81.062,2,0
81.057,2,0
81.052,2,0
81.047,2,0
81.043,2,0
81.038,2,0
81.033,2,0
81.028,2,0
81.023,2,0
81.019,2,0
81.014,2,0
81.009,2,0
81.004,2,0
80.999,2,0
80.994,2,0
80.99,2,0
80.985,2,0
80.98,2,0
80.975,2,0
80.97,2,0
80.965,2,0
80.961,2,0
80.956,2,0
80.951,2,0
80.946,2,0
80.941,2,0
80.937,2,0
80.932,2,0
80.927,2,0
80.922,2,0
80.917,2,0
80.912,2,0
80.908,2,0
80.903,2,0
80.898,2,0
80.893,2,0
80.888,2,0
80.883,2,0
80.879,2,0
80.874,2,0
80.869,2,0
80.864,2,0
80.859,2,0
80.855,2,0
80.85,2,0
80.845,2,0
80.84,2,0
80.835,2,0
80.83,2,0
80.826,2,0
80.821,2,0
80.816,2,0
80.811,2,0
80.806,2,0
80.802,2,0
80.797,2,0
80.792,2,0
80.787,2,0
80.782,2,0
80.777,2,0
80.773,2,0
80.768,2,0
80.763,2,0
80.758,2,0
80.753,2,0
80.748,2,0
80.744,2,0
80.739,2,0
80.734,2,0
80.729,2,0
80.724,2,0
80.72,2,0
80.715,2,0
80.71,2,0
80.705,2,0
80.7,2,0
80.695,2,0
80.691,2,0
80.686,2,0
80.681,2,0
80.676,2,0
80.671,2,0
80.666,2,0
80.662,2,0
80.657,2,0
80.652,2,0
80.647,2,0
80.642,2,0
80.638,2,0
80.633,2,0
80.628,2,0
